[{"model": "admin.logentry", "pk": 1, "fields": {"action_time": "2023-07-27T20:30:09.082Z", "user": 1, "content_type": 7, "object_id": "1", "object_repr": "localhost:8000", "action_flag": 2, "change_message": "[{\"changed\": {\"fields\": [\"Domain name\", \"Display name\"]}}]"}}, {"model": "admin.logentry", "pk": 2, "fields": {"action_time": "2023-07-27T20:54:36.374Z", "user": 1, "content_type": 11, "object_id": "1", "object_repr": "Google Login", "action_flag": 1, "change_message": "[{\"added\": {}}]"}}, {"model": "admin.logentry", "pk": 3, "fields": {"action_time": "2023-07-28T18:30:46.985Z", "user": 1, "content_type": 11, "object_id": "2", "object_repr": "Facebook Login", "action_flag": 1, "change_message": "[{\"added\": {}}]"}}, {"model": "admin.logentry", "pk": 4, "fields": {"action_time": "2023-07-28T18:37:38.808Z", "user": 1, "content_type": 7, "object_id": "2", "object_repr": "127.0.0.1/:8000", "action_flag": 1, "change_message": "[{\"added\": {}}]"}}, {"model": "admin.logentry", "pk": 5, "fields": {"action_time": "2023-07-28T18:37:57.771Z", "user": 1, "content_type": 11, "object_id": "2", "object_repr": "Facebook Login", "action_flag": 2, "change_message": "[{\"changed\": {\"fields\": [\"Sites\"]}}]"}}, {"model": "admin.logentry", "pk": 6, "fields": {"action_time": "2023-07-28T18:38:03.231Z", "user": 1, "content_type": 11, "object_id": "1", "object_repr": "Google Login", "action_flag": 2, "change_message": "[{\"changed\": {\"fields\": [\"Sites\"]}}]"}}, {"model": "admin.logentry", "pk": 7, "fields": {"action_time": "2023-07-29T11:45:01.833Z", "user": 1, "content_type": 4, "object_id": "2", "object_repr": "diego", "action_flag": 3, "change_message": ""}}, {"model": "admin.logentry", "pk": 8, "fields": {"action_time": "2023-07-29T12:12:09.560Z", "user": 1, "content_type": 4, "object_id": "3", "object_repr": "diego", "action_flag": 3, "change_message": ""}}, {"model": "admin.logentry", "pk": 9, "fields": {"action_time": "2023-07-29T12:29:29.554Z", "user": 1, "content_type": 11, "object_id": "3", "object_repr": "GitHub Login", "action_flag": 1, "change_message": "[{\"added\": {}}]"}}, {"model": "admin.logentry", "pk": 10, "fields": {"action_time": "2023-07-29T13:32:51.475Z", "user": 1, "content_type": 4, "object_id": "5", "object_repr": "Diegomoro415", "action_flag": 3, "change_message": ""}}, {"model": "admin.logentry", "pk": 11, "fields": {"action_time": "2023-07-29T13:32:51.476Z", "user": 1, "content_type": 4, "object_id": "4", "object_repr": "diego", "action_flag": 3, "change_message": ""}}, {"model": "admin.logentry", "pk": 12, "fields": {"action_time": "2023-07-29T18:40:43.483Z", "user": 1, "content_type": 7, "object_id": "3", "object_repr": "ut-restaurant-d71a0939b77c.herokuapp.com", "action_flag": 1, "change_message": "[{\"added\": {}}]"}}, {"model": "admin.logentry", "pk": 13, "fields": {"action_time": "2023-07-29T19:55:16.847Z", "user": 1, "content_type": 19, "object_id": "1", "object_repr": "Review by Zelia - Rating: 5", "action_flag": 1, "change_message": "[{\"added\": {}}]"}}, {"model": "admin.logentry", "pk": 14, "fields": {"action_time": "2023-07-30T10:11:41.723Z", "user": 1, "content_type": 19, "object_id": "1", "object_repr": "Review by moro - Rating: 5", "action_flag": 1, "change_message": "[{\"added\": {}}]"}}, {"model": "admin.logentry", "pk": 15, "fields": {"action_time": "2023-07-31T18:56:10.811Z", "user": 1, "content_type": 21, "object_id": "4", "object_repr": "Reservation 4 - Moro", "action_flag": 3, "change_message": ""}}, {"model": "admin.logentry", "pk": 16, "fields": {"action_time": "2023-07-31T18:56:10.813Z", "user": 1, "content_type": 21, "object_id": "3", "object_repr": "Reservation 3 - Moro", "action_flag": 3, "change_message": ""}}, {"model": "admin.logentry", "pk": 17, "fields": {"action_time": "2023-07-31T18:56:10.815Z", "user": 1, "content_type": 21, "object_id": "2", "object_repr": "Reservation 2 - Moro", "action_flag": 3, "change_message": ""}}, {"model": "admin.logentry", "pk": 18, "fields": {"action_time": "2023-07-31T18:56:42.191Z", "user": 1, "content_type": 21, "object_id": "1", "object_repr": "Reservation 1 - Diego Moro", "action_flag": 3, "change_message": ""}}, {"model": "admin.logentry", "pk": 19, "fields": {"action_time": "2023-07-31T19:50:10.451Z", "user": 1, "content_type": 21, "object_id": "11", "object_repr": "Reservation 11 - moro", "action_flag": 3, "change_message": ""}}, {"model": "admin.logentry", "pk": 20, "fields": {"action_time": "2023-07-31T19:50:10.453Z", "user": 1, "content_type": 21, "object_id": "10", "object_repr": "Reservation 10 - diego", "action_flag": 3, "change_message": ""}}, {"model": "admin.logentry", "pk": 21, "fields": {"action_time": "2023-07-31T19:50:10.454Z", "user": 1, "content_type": 21, "object_id": "9", "object_repr": "Reservation 9 - moro", "action_flag": 3, "change_message": ""}}, {"model": "admin.logentry", "pk": 22, "fields": {"action_time": "2023-07-31T19:50:10.455Z", "user": 1, "content_type": 21, "object_id": "7", "object_repr": "Reservation 7 - Moro", "action_flag": 3, "change_message": ""}}, {"model": "admin.logentry", "pk": 23, "fields": {"action_time": "2023-07-31T19:50:10.456Z", "user": 1, "content_type": 21, "object_id": "6", "object_repr": "Reservation 6 - Moro", "action_flag": 3, "change_message": ""}}, {"model": "admin.logentry", "pk": 24, "fields": {"action_time": "2023-07-31T19:50:10.457Z", "user": 1, "content_type": 21, "object_id": "5", "object_repr": "Reservation 5 - Moro", "action_flag": 3, "change_message": ""}}, {"model": "admin.logentry", "pk": 25, "fields": {"action_time": "2023-08-04T18:52:57.501Z", "user": 1, "content_type": 20, "object_id": "1", "object_repr": "Nigiri Salmon", "action_flag": 1, "change_message": "[{\"added\": {}}]"}}, {"model": "admin.logentry", "pk": 26, "fields": {"action_time": "2023-08-06T08:42:28.671Z", "user": 1, "content_type": 20, "object_id": "1", "object_repr": "Nigiri Salmon", "action_flag": 3, "change_message": ""}}, {"model": "admin.logentry", "pk": 27, "fields": {"action_time": "2023-08-06T08:47:07.171Z", "user": 1, "content_type": 20, "object_id": "2", "object_repr": "Nigiri Salmon", "action_flag": 1, "change_message": "[{\"added\": {}}]"}}, {"model": "admin.logentry", "pk": 28, "fields": {"action_time": "2023-08-06T08:48:36.820Z", "user": 1, "content_type": 20, "object_id": "3", "object_repr": "Nigiri Avocado Furikake", "action_flag": 1, "change_message": "[{\"added\": {}}]"}}, {"model": "admin.logentry", "pk": 29, "fields": {"action_time": "2023-08-06T08:50:11.006Z", "user": 1, "content_type": 20, "object_id": "4", "object_repr": "Nigiri Lomo", "action_flag": 1, "change_message": "[{\"added\": {}}]"}}, {"model": "admin.logentry", "pk": 30, "fields": {"action_time": "2023-08-06T08:54:14.788Z", "user": 1, "content_type": 20, "object_id": "5", "object_repr": "Nigiri Tako Pachikai", "action_flag": 1, "change_message": "[{\"added\": {}}]"}}, {"model": "admin.logentry", "pk": 31, "fields": {"action_time": "2023-08-06T08:56:50.695Z", "user": 1, "content_type": 20, "object_id": "6", "object_repr": "Nigiri Tiradito", "action_flag": 1, "change_message": "[{\"added\": {}}]"}}, {"model": "admin.logentry", "pk": 32, "fields": {"action_time": "2023-08-06T09:02:33.432Z", "user": 1, "content_type": 20, "object_id": "7", "object_repr": "Nigiri Tuna", "action_flag": 1, "change_message": "[{\"added\": {}}]"}}, {"model": "admin.logentry", "pk": 33, "fields": {"action_time": "2023-08-06T10:30:55.750Z", "user": 1, "content_type": 20, "object_id": "7", "object_repr": "Nigiri Tuna", "action_flag": 2, "change_message": "[{\"changed\": {\"fields\": [\"Category\"]}}]"}}, {"model": "admin.logentry", "pk": 34, "fields": {"action_time": "2023-08-06T10:31:31.999Z", "user": 1, "content_type": 20, "object_id": "3", "object_repr": "Nigiri Avocado Furikake", "action_flag": 2, "change_message": "[{\"changed\": {\"fields\": [\"Category\"]}}]"}}, {"model": "admin.logentry", "pk": 35, "fields": {"action_time": "2023-08-06T10:32:01.006Z", "user": 1, "content_type": 20, "object_id": "5", "object_repr": "Nigiri Tako Pachikai", "action_flag": 2, "change_message": "[{\"changed\": {\"fields\": [\"Category\"]}}]"}}, {"model": "admin.logentry", "pk": 36, "fields": {"action_time": "2023-08-06T10:32:17.837Z", "user": 1, "content_type": 20, "object_id": "4", "object_repr": "Nigiri Lomo", "action_flag": 2, "change_message": "[{\"changed\": {\"fields\": [\"Category\"]}}]"}}, {"model": "admin.logentry", "pk": 37, "fields": {"action_time": "2023-08-06T10:32:32.142Z", "user": 1, "content_type": 20, "object_id": "2", "object_repr": "Nigiri Salmon", "action_flag": 2, "change_message": "[{\"changed\": {\"fields\": [\"Category\"]}}]"}}, {"model": "admin.logentry", "pk": 38, "fields": {"action_time": "2023-08-06T10:33:10.970Z", "user": 1, "content_type": 20, "object_id": "2", "object_repr": "Nigiri Salmon", "action_flag": 2, "change_message": "[]"}}, {"model": "admin.logentry", "pk": 39, "fields": {"action_time": "2023-08-06T10:33:32.889Z", "user": 1, "content_type": 20, "object_id": "6", "object_repr": "Nigiri Tiradito", "action_flag": 2, "change_message": "[{\"changed\": {\"fields\": [\"Category\"]}}]"}}, {"model": "admin.logentry", "pk": 40, "fields": {"action_time": "2023-08-06T10:56:18.101Z", "user": 1, "content_type": 20, "object_id": "8", "object_repr": "Gukan Umi", "action_flag": 1, "change_message": "[{\"added\": {}}]"}}, {"model": "admin.logentry", "pk": 41, "fields": {"action_time": "2023-08-06T10:59:34.342Z", "user": 1, "content_type": 20, "object_id": "9", "object_repr": "Gunkan Kokai", "action_flag": 1, "change_message": "[{\"added\": {}}]"}}, {"model": "admin.logentry", "pk": 42, "fields": {"action_time": "2023-08-06T10:59:44.586Z", "user": 1, "content_type": 20, "object_id": "8", "object_repr": "Gunkan Umi", "action_flag": 2, "change_message": "[{\"changed\": {\"fields\": [\"Category\", \"Name\"]}}]"}}, {"model": "admin.logentry", "pk": 43, "fields": {"action_time": "2023-08-06T11:01:43.186Z", "user": 1, "content_type": 20, "object_id": "10", "object_repr": "Gunkan Rokoto", "action_flag": 1, "change_message": "[{\"added\": {}}]"}}, {"model": "admin.logentry", "pk": 44, "fields": {"action_time": "2023-08-06T11:03:03.453Z", "user": 1, "content_type": 20, "object_id": "11", "object_repr": "Gunkan Karakuchi", "action_flag": 1, "change_message": "[{\"added\": {}}]"}}, {"model": "admin.logentry", "pk": 45, "fields": {"action_time": "2023-08-06T11:04:32.718Z", "user": 1, "content_type": 20, "object_id": "12", "object_repr": "Gunkan Huacatay", "action_flag": 1, "change_message": "[{\"added\": {}}]"}}, {"model": "admin.logentry", "pk": 46, "fields": {"action_time": "2023-08-06T11:11:41.556Z", "user": 1, "content_type": 20, "object_id": "13", "object_repr": "Gohan Kento", "action_flag": 1, "change_message": "[{\"added\": {}}]"}}, {"model": "admin.logentry", "pk": 47, "fields": {"action_time": "2023-08-06T11:12:36.285Z", "user": 1, "content_type": 20, "object_id": "14", "object_repr": "Gohan Classic", "action_flag": 1, "change_message": "[{\"added\": {}}]"}}, {"model": "admin.logentry", "pk": 48, "fields": {"action_time": "2023-08-06T11:13:32.503Z", "user": 1, "content_type": 20, "object_id": "15", "object_repr": "gohan cheese tempura", "action_flag": 1, "change_message": "[{\"added\": {}}]"}}, {"model": "admin.logentry", "pk": 49, "fields": {"action_time": "2023-08-06T11:16:06.261Z", "user": 1, "content_type": 20, "object_id": "16", "object_repr": "Gohan special", "action_flag": 1, "change_message": "[{\"added\": {}}]"}}, {"model": "admin.logentry", "pk": 50, "fields": {"action_time": "2023-08-06T11:17:07.491Z", "user": 1, "content_type": 20, "object_id": "17", "object_repr": "Gohan pollo", "action_flag": 1, "change_message": "[{\"added\": {}}]"}}, {"model": "admin.logentry", "pk": 51, "fields": {"action_time": "2023-08-06T11:17:58.436Z", "user": 1, "content_type": 20, "object_id": "18", "object_repr": "Menu kento", "action_flag": 1, "change_message": "[{\"added\": {}}]"}}, {"model": "admin.logentry", "pk": 52, "fields": {"action_time": "2023-08-06T11:21:41.802Z", "user": 1, "content_type": 20, "object_id": "19", "object_repr": "Acevichado Kento", "action_flag": 1, "change_message": "[{\"added\": {}}]"}}, {"model": "admin.logentry", "pk": 53, "fields": {"action_time": "2023-08-06T11:23:32.450Z", "user": 1, "content_type": 20, "object_id": "20", "object_repr": "Acevichado Maguro", "action_flag": 1, "change_message": "[{\"added\": {}}]"}}, {"model": "admin.logentry", "pk": 54, "fields": {"action_time": "2023-08-06T11:25:11.361Z", "user": 1, "content_type": 20, "object_id": "21", "object_repr": "Special avocado", "action_flag": 1, "change_message": "[{\"added\": {}}]"}}, {"model": "admin.logentry", "pk": 55, "fields": {"action_time": "2023-08-06T11:26:37.344Z", "user": 1, "content_type": 20, "object_id": "22", "object_repr": "California Tempura", "action_flag": 1, "change_message": "[{\"added\": {}}]"}}, {"model": "admin.logentry", "pk": 56, "fields": {"action_time": "2023-08-06T11:27:59.549Z", "user": 1, "content_type": 20, "object_id": "23", "object_repr": "Ceviche Roll", "action_flag": 1, "change_message": "[{\"added\": {}}]"}}, {"model": "admin.logentry", "pk": 57, "fields": {"action_time": "2023-08-06T11:29:19.860Z", "user": 1, "content_type": 20, "object_id": "24", "object_repr": "Rainbow Roll", "action_flag": 1, "change_message": "[{\"added\": {}}]"}}, {"model": "admin.logentry", "pk": 58, "fields": {"action_time": "2023-08-06T11:33:47.650Z", "user": 1, "content_type": 20, "object_id": "25", "object_repr": "Avocado Vegan", "action_flag": 1, "change_message": "[{\"added\": {}}]"}}, {"model": "admin.logentry", "pk": 59, "fields": {"action_time": "2023-08-06T11:35:07.262Z", "user": 1, "content_type": 20, "object_id": "26", "object_repr": "Beet Oriental", "action_flag": 1, "change_message": "[{\"added\": {}}]"}}, {"model": "admin.logentry", "pk": 60, "fields": {"action_time": "2023-08-06T11:36:07.312Z", "user": 1, "content_type": 20, "object_id": "27", "object_repr": "Ceviche Vegan", "action_flag": 1, "change_message": "[{\"added\": {}}]"}}, {"model": "admin.logentry", "pk": 61, "fields": {"action_time": "2023-08-06T11:37:49.881Z", "user": 1, "content_type": 20, "object_id": "28", "object_repr": "Crispy Vegan", "action_flag": 1, "change_message": "[{\"added\": {}}]"}}, {"model": "admin.logentry", "pk": 62, "fields": {"action_time": "2023-08-06T11:38:46.515Z", "user": 1, "content_type": 20, "object_id": "29", "object_repr": "Gohan Vegan", "action_flag": 1, "change_message": "[{\"added\": {}}]"}}, {"model": "admin.logentry", "pk": 63, "fields": {"action_time": "2023-08-06T11:40:58.016Z", "user": 1, "content_type": 20, "object_id": "30", "object_repr": "Oriental Acevichado", "action_flag": 1, "change_message": "[{\"added\": {}}]"}}, {"model": "admin.logentry", "pk": 64, "fields": {"action_time": "2023-08-06T16:42:33.279Z", "user": 1, "content_type": 20, "object_id": "19", "object_repr": "Acevichado Kento", "action_flag": 2, "change_message": "[{\"changed\": {\"fields\": [\"Category\"]}}]"}}, {"model": "admin.logentry", "pk": 65, "fields": {"action_time": "2023-08-06T16:42:42.002Z", "user": 1, "content_type": 20, "object_id": "22", "object_repr": "California Tempura", "action_flag": 2, "change_message": "[{\"changed\": {\"fields\": [\"Category\"]}}]"}}, {"model": "admin.logentry", "pk": 66, "fields": {"action_time": "2023-08-06T16:42:53.032Z", "user": 1, "content_type": 20, "object_id": "20", "object_repr": "Acevichado Maguro", "action_flag": 2, "change_message": "[{\"changed\": {\"fields\": [\"Category\"]}}]"}}, {"model": "admin.logentry", "pk": 67, "fields": {"action_time": "2023-08-06T16:43:01.411Z", "user": 1, "content_type": 20, "object_id": "23", "object_repr": "Ceviche Roll", "action_flag": 2, "change_message": "[{\"changed\": {\"fields\": [\"Category\"]}}]"}}, {"model": "admin.logentry", "pk": 68, "fields": {"action_time": "2023-08-06T16:43:09.551Z", "user": 1, "content_type": 20, "object_id": "24", "object_repr": "Rainbow Roll", "action_flag": 2, "change_message": "[{\"changed\": {\"fields\": [\"Category\"]}}]"}}, {"model": "admin.logentry", "pk": 69, "fields": {"action_time": "2023-08-06T16:43:15.498Z", "user": 1, "content_type": 20, "object_id": "21", "object_repr": "Special avocado", "action_flag": 2, "change_message": "[{\"changed\": {\"fields\": [\"Category\"]}}]"}}, {"model": "admin.logentry", "pk": 70, "fields": {"action_time": "2023-08-06T16:43:36.742Z", "user": 1, "content_type": 20, "object_id": "25", "object_repr": "Avocado Vegan", "action_flag": 2, "change_message": "[{\"changed\": {\"fields\": [\"Category\"]}}]"}}, {"model": "admin.logentry", "pk": 71, "fields": {"action_time": "2023-08-06T16:43:43.050Z", "user": 1, "content_type": 20, "object_id": "26", "object_repr": "Beet Oriental", "action_flag": 2, "change_message": "[{\"changed\": {\"fields\": [\"Category\"]}}]"}}, {"model": "admin.logentry", "pk": 72, "fields": {"action_time": "2023-08-06T16:43:59.493Z", "user": 1, "content_type": 20, "object_id": "27", "object_repr": "Ceviche Vegan", "action_flag": 2, "change_message": "[{\"changed\": {\"fields\": [\"Category\"]}}]"}}, {"model": "admin.logentry", "pk": 73, "fields": {"action_time": "2023-08-06T16:44:07.777Z", "user": 1, "content_type": 20, "object_id": "28", "object_repr": "Crispy Vegan", "action_flag": 2, "change_message": "[{\"changed\": {\"fields\": [\"Category\"]}}]"}}, {"model": "admin.logentry", "pk": 74, "fields": {"action_time": "2023-08-06T16:44:14.970Z", "user": 1, "content_type": 20, "object_id": "29", "object_repr": "Gohan Vegan", "action_flag": 2, "change_message": "[{\"changed\": {\"fields\": [\"Category\"]}}]"}}, {"model": "admin.logentry", "pk": 75, "fields": {"action_time": "2023-08-06T16:44:20.618Z", "user": 1, "content_type": 20, "object_id": "30", "object_repr": "Oriental Acevichado", "action_flag": 2, "change_message": "[{\"changed\": {\"fields\": [\"Category\"]}}]"}}, {"model": "admin.logentry", "pk": 76, "fields": {"action_time": "2023-08-07T19:28:02.150Z", "user": 1, "content_type": 19, "object_id": "38", "object_repr": "Review by moro - Rating: 1", "action_flag": 3, "change_message": ""}}, {"model": "admin.logentry", "pk": 77, "fields": {"action_time": "2023-08-07T19:28:02.154Z", "user": 1, "content_type": 19, "object_id": "10", "object_repr": "Review by diego - Rating: 5", "action_flag": 3, "change_message": ""}}, {"model": "admin.logentry", "pk": 78, "fields": {"action_time": "2023-08-08T20:23:20.350Z", "user": 1, "content_type": 4, "object_id": "7", "object_repr": "Diegomoro415", "action_flag": 3, "change_message": ""}}, {"model": "admin.logentry", "pk": 79, "fields": {"action_time": "2023-08-08T20:23:20.352Z", "user": 1, "content_type": 4, "object_id": "10", "object_repr": "LinneaMoro", "action_flag": 3, "change_message": ""}}, {"model": "admin.logentry", "pk": 80, "fields": {"action_time": "2023-08-08T20:23:20.354Z", "user": 1, "content_type": 4, "object_id": "6", "object_repr": "diego", "action_flag": 3, "change_message": ""}}, {"model": "admin.logentry", "pk": 81, "fields": {"action_time": "2023-08-08T20:23:20.355Z", "user": 1, "content_type": 4, "object_id": "15", "object_repr": "diego@gmail.com", "action_flag": 3, "change_message": ""}}, {"model": "admin.logentry", "pk": 82, "fields": {"action_time": "2023-08-08T20:23:20.356Z", "user": 1, "content_type": 4, "object_id": "9", "object_repr": "huahfaushfua", "action_flag": 3, "change_message": ""}}, {"model": "admin.logentry", "pk": 83, "fields": {"action_time": "2023-08-08T20:23:20.357Z", "user": 1, "content_type": 4, "object_id": "14", "object_repr": "linnea@gmail.com", "action_flag": 3, "change_message": ""}}, {"model": "admin.logentry", "pk": 84, "fields": {"action_time": "2023-08-08T20:23:20.358Z", "user": 1, "content_type": 4, "object_id": "12", "object_repr": "magnus.alexandersson@hansson-soner.se", "action_flag": 3, "change_message": ""}}, {"model": "admin.logentry", "pk": 85, "fields": {"action_time": "2023-08-08T20:23:20.358Z", "user": 1, "content_type": 4, "object_id": "13", "object_repr": "maria@gmail.com", "action_flag": 3, "change_message": ""}}, {"model": "admin.logentry", "pk": 86, "fields": {"action_time": "2023-08-08T20:23:20.359Z", "user": 1, "content_type": 4, "object_id": "11", "object_repr": "mariazelia", "action_flag": 3, "change_message": ""}}, {"model": "admin.logentry", "pk": 87, "fields": {"action_time": "2023-08-08T20:23:20.360Z", "user": 1, "content_type": 4, "object_id": "17", "object_repr": "moro@gmail.com", "action_flag": 3, "change_message": ""}}, {"model": "admin.logentry", "pk": 88, "fields": {"action_time": "2023-08-08T20:23:20.361Z", "user": 1, "content_type": 4, "object_id": "16", "object_repr": "zelia@gmail.com", "action_flag": 3, "change_message": ""}}, {"model": "admin.logentry", "pk": 89, "fields": {"action_time": "2023-08-08T20:23:20.362Z", "user": 1, "content_type": 4, "object_id": "8", "object_repr": "zelliamoro2@icloud.com", "action_flag": 3, "change_message": ""}}, {"model": "admin.logentry", "pk": 90, "fields": {"action_time": "2023-08-08T20:23:39.026Z", "user": 1, "content_type": 19, "object_id": "40", "object_repr": "Review by moro - Rating: 2", "action_flag": 3, "change_message": ""}}, {"model": "admin.logentry", "pk": 91, "fields": {"action_time": "2023-08-08T20:24:11.120Z", "user": 1, "content_type": 21, "object_id": "19", "object_repr": "Reservation 19 - moro", "action_flag": 3, "change_message": ""}}, {"model": "admin.logentry", "pk": 92, "fields": {"action_time": "2023-08-08T20:24:11.122Z", "user": 1, "content_type": 21, "object_id": "18", "object_repr": "Reservation 18 - moro", "action_flag": 3, "change_message": ""}}, {"model": "admin.logentry", "pk": 93, "fields": {"action_time": "2023-08-08T20:24:11.124Z", "user": 1, "content_type": 21, "object_id": "17", "object_repr": "Reservation 17 - moro", "action_flag": 3, "change_message": ""}}, {"model": "admin.logentry", "pk": 94, "fields": {"action_time": "2023-08-08T20:24:11.125Z", "user": 1, "content_type": 21, "object_id": "16", "object_repr": "Reservation 16 - moro", "action_flag": 3, "change_message": ""}}, {"model": "admin.logentry", "pk": 95, "fields": {"action_time": "2023-08-08T20:24:11.125Z", "user": 1, "content_type": 21, "object_id": "15", "object_repr": "Reservation 15 - moro", "action_flag": 3, "change_message": ""}}, {"model": "admin.logentry", "pk": 96, "fields": {"action_time": "2023-08-08T20:24:11.126Z", "user": 1, "content_type": 21, "object_id": "14", "object_repr": "Reservation 14 - moro", "action_flag": 3, "change_message": ""}}, {"model": "admin.logentry", "pk": 97, "fields": {"action_time": "2023-08-08T20:24:11.127Z", "user": 1, "content_type": 21, "object_id": "13", "object_repr": "Reservation 13 - moro", "action_flag": 3, "change_message": ""}}, {"model": "admin.logentry", "pk": 98, "fields": {"action_time": "2023-08-08T20:24:11.128Z", "user": 1, "content_type": 21, "object_id": "12", "object_repr": "Reservation 12 - moro", "action_flag": 3, "change_message": ""}}, {"model": "admin.logentry", "pk": 99, "fields": {"action_time": "2023-08-12T14:31:05.635Z", "user": 1, "content_type": 11, "object_id": "3", "object_repr": "GitHub Login", "action_flag": 2, "change_message": "[{\"changed\": {\"fields\": [\"Sites\"]}}]"}}, {"model": "admin.logentry", "pk": 100, "fields": {"action_time": "2023-08-12T14:31:12.239Z", "user": 1, "content_type": 11, "object_id": "2", "object_repr": "Facebook Login", "action_flag": 2, "change_message": "[{\"changed\": {\"fields\": [\"Sites\"]}}]"}}, {"model": "admin.logentry", "pk": 101, "fields": {"action_time": "2023-08-12T14:31:17.708Z", "user": 1, "content_type": 11, "object_id": "1", "object_repr": "Google Login", "action_flag": 2, "change_message": "[{\"changed\": {\"fields\": [\"Sites\"]}}]"}}, {"model": "admin.logentry", "pk": 102, "fields": {"action_time": "2023-08-13T11:54:34.959Z", "user": 1, "content_type": 21, "object_id": "21", "object_repr": "Reservation 21 - moro", "action_flag": 3, "change_message": ""}}, {"model": "admin.logentry", "pk": 103, "fields": {"action_time": "2023-08-13T11:54:34.961Z", "user": 1, "content_type": 21, "object_id": "20", "object_repr": "Reservation 20 - moro", "action_flag": 3, "change_message": ""}}, {"model": "admin.logentry", "pk": 104, "fields": {"action_time": "2023-08-13T11:58:25.188Z", "user": 1, "content_type": 21, "object_id": "22", "object_repr": "Reservation 22 - moro", "action_flag": 3, "change_message": ""}}, {"model": "admin.logentry", "pk": 105, "fields": {"action_time": "2023-08-20T14:06:57.809Z", "user": 1, "content_type": 20, "object_id": "19", "object_repr": "Acevichado Kento", "action_flag": 2, "change_message": "[{\"changed\": {\"fields\": [\"Image\"]}}]"}}, {"model": "admin.logentry", "pk": 106, "fields": {"action_time": "2023-08-20T14:07:37.215Z", "user": 1, "content_type": 20, "object_id": "20", "object_repr": "Acevichado Maguro", "action_flag": 2, "change_message": "[{\"changed\": {\"fields\": [\"Image\"]}}]"}}, {"model": "admin.logentry", "pk": 107, "fields": {"action_time": "2023-08-20T14:07:42.841Z", "user": 1, "content_type": 20, "object_id": "20", "object_repr": "Acevichado Maguro", "action_flag": 2, "change_message": "[]"}}, {"model": "admin.logentry", "pk": 108, "fields": {"action_time": "2023-08-20T14:08:07.410Z", "user": 1, "content_type": 20, "object_id": "22", "object_repr": "California Tempura", "action_flag": 2, "change_message": "[{\"changed\": {\"fields\": [\"Image\"]}}]"}}, {"model": "admin.logentry", "pk": 109, "fields": {"action_time": "2023-08-20T14:08:20.722Z", "user": 1, "content_type": 20, "object_id": "23", "object_repr": "Ceviche Roll", "action_flag": 2, "change_message": "[{\"changed\": {\"fields\": [\"Image\"]}}]"}}, {"model": "admin.logentry", "pk": 110, "fields": {"action_time": "2023-08-20T14:08:26.179Z", "user": 1, "content_type": 20, "object_id": "14", "object_repr": "Gohan Classic", "action_flag": 2, "change_message": "[]"}}, {"model": "admin.logentry", "pk": 111, "fields": {"action_time": "2023-08-20T14:08:40.105Z", "user": 1, "content_type": 20, "object_id": "13", "object_repr": "Gohan Kento", "action_flag": 2, "change_message": "[{\"changed\": {\"fields\": [\"Image\"]}}]"}}, {"model": "admin.logentry", "pk": 112, "fields": {"action_time": "2023-08-20T14:09:00.353Z", "user": 1, "content_type": 20, "object_id": "12", "object_repr": "Gunkan Huacatay", "action_flag": 2, "change_message": "[{\"changed\": {\"fields\": [\"Image\"]}}]"}}, {"model": "admin.logentry", "pk": 113, "fields": {"action_time": "2023-08-20T14:09:15.121Z", "user": 1, "content_type": 20, "object_id": "11", "object_repr": "Gunkan Karakuchi", "action_flag": 2, "change_message": "[{\"changed\": {\"fields\": [\"Image\"]}}]"}}, {"model": "admin.logentry", "pk": 114, "fields": {"action_time": "2023-08-20T14:09:28.514Z", "user": 1, "content_type": 20, "object_id": "12", "object_repr": "Gunkan Huacatay", "action_flag": 2, "change_message": "[]"}}, {"model": "admin.logentry", "pk": 115, "fields": {"action_time": "2023-08-20T14:10:30.452Z", "user": 1, "content_type": 20, "object_id": "12", "object_repr": "Gunkan Huacatay", "action_flag": 2, "change_message": "[{\"changed\": {\"fields\": [\"Image\"]}}]"}}, {"model": "admin.logentry", "pk": 116, "fields": {"action_time": "2023-08-20T14:10:47.058Z", "user": 1, "content_type": 20, "object_id": "11", "object_repr": "Gunkan Karakuchi", "action_flag": 2, "change_message": "[{\"changed\": {\"fields\": [\"Image\"]}}]"}}, {"model": "admin.logentry", "pk": 117, "fields": {"action_time": "2023-08-20T14:11:02.232Z", "user": 1, "content_type": 20, "object_id": "9", "object_repr": "Gunkan Kokai", "action_flag": 2, "change_message": "[{\"changed\": {\"fields\": [\"Image\"]}}]"}}, {"model": "admin.logentry", "pk": 118, "fields": {"action_time": "2023-08-20T14:11:16.597Z", "user": 1, "content_type": 20, "object_id": "10", "object_repr": "Gunkan Rokoto", "action_flag": 2, "change_message": "[{\"changed\": {\"fields\": [\"Image\"]}}]"}}, {"model": "admin.logentry", "pk": 119, "fields": {"action_time": "2023-08-20T14:11:24.293Z", "user": 1, "content_type": 20, "object_id": "10", "object_repr": "Gunkan Rokoto", "action_flag": 2, "change_message": "[]"}}, {"model": "admin.logentry", "pk": 120, "fields": {"action_time": "2023-08-20T14:11:29.049Z", "user": 1, "content_type": 20, "object_id": "10", "object_repr": "Gunkan Rokoto", "action_flag": 2, "change_message": "[]"}}, {"model": "admin.logentry", "pk": 121, "fields": {"action_time": "2023-08-20T14:11:40.091Z", "user": 1, "content_type": 20, "object_id": "8", "object_repr": "Gunkan Umi", "action_flag": 2, "change_message": "[{\"changed\": {\"fields\": [\"Image\"]}}]"}}, {"model": "admin.logentry", "pk": 122, "fields": {"action_time": "2023-08-20T14:11:51.655Z", "user": 1, "content_type": 20, "object_id": "3", "object_repr": "Nigiri Avocado Furikake", "action_flag": 2, "change_message": "[{\"changed\": {\"fields\": [\"Image\"]}}]"}}, {"model": "admin.logentry", "pk": 123, "fields": {"action_time": "2023-08-20T14:12:04.463Z", "user": 1, "content_type": 20, "object_id": "4", "object_repr": "Nigiri Lomo", "action_flag": 2, "change_message": "[{\"changed\": {\"fields\": [\"Image\"]}}]"}}, {"model": "admin.logentry", "pk": 124, "fields": {"action_time": "2023-08-20T14:12:17.038Z", "user": 1, "content_type": 20, "object_id": "2", "object_repr": "Nigiri Salmon", "action_flag": 2, "change_message": "[{\"changed\": {\"fields\": [\"Image\"]}}]"}}, {"model": "admin.logentry", "pk": 125, "fields": {"action_time": "2023-08-20T14:12:32.276Z", "user": 1, "content_type": 20, "object_id": "5", "object_repr": "Nigiri Tako Pachikai", "action_flag": 2, "change_message": "[{\"changed\": {\"fields\": [\"Image\"]}}]"}}, {"model": "admin.logentry", "pk": 126, "fields": {"action_time": "2023-08-20T14:12:48.842Z", "user": 1, "content_type": 20, "object_id": "6", "object_repr": "Nigiri Tiradito", "action_flag": 2, "change_message": "[{\"changed\": {\"fields\": [\"Image\"]}}]"}}, {"model": "admin.logentry", "pk": 127, "fields": {"action_time": "2023-08-20T14:13:03.470Z", "user": 1, "content_type": 20, "object_id": "7", "object_repr": "Nigiri Tuna", "action_flag": 2, "change_message": "[{\"changed\": {\"fields\": [\"Image\"]}}]"}}, {"model": "admin.logentry", "pk": 128, "fields": {"action_time": "2023-08-21T21:34:36.676Z", "user": 1, "content_type": 20, "object_id": "21", "object_repr": "Special avocado", "action_flag": 2, "change_message": "[{\"changed\": {\"fields\": [\"Image\"]}}]"}}, {"model": "admin.logentry", "pk": 129, "fields": {"action_time": "2023-08-21T21:35:07.978Z", "user": 1, "content_type": 20, "object_id": "24", "object_repr": "Rainbow Roll", "action_flag": 2, "change_message": "[{\"changed\": {\"fields\": [\"Image\"]}}]"}}, {"model": "admin.logentry", "pk": 130, "fields": {"action_time": "2023-08-25T17:25:33.647Z", "user": 1, "content_type": 4, "object_id": "19", "object_repr": "diego", "action_flag": 3, "change_message": ""}}, {"model": "admin.logentry", "pk": 131, "fields": {"action_time": "2023-08-25T20:34:18.285Z", "user": 1, "content_type": 21, "object_id": "28", "object_repr": "Reservation 28 - Moro", "action_flag": 1, "change_message": "[{\"added\": {}}]"}}, {"model": "admin.logentry", "pk": 132, "fields": {"action_time": "2023-08-26T21:58:04.805Z", "user": 1, "content_type": 21, "object_id": "28", "object_repr": "Reservation 28 - Moro", "action_flag": 3, "change_message": ""}}, {"model": "admin.logentry", "pk": 133, "fields": {"action_time": "2023-08-26T21:58:04.808Z", "user": 1, "content_type": 21, "object_id": "27", "object_repr": "Reservation 27 - moro", "action_flag": 3, "change_message": ""}}, {"model": "admin.logentry", "pk": 134, "fields": {"action_time": "2023-08-26T21:58:04.810Z", "user": 1, "content_type": 21, "object_id": "26", "object_repr": "Reservation 26 - moro", "action_flag": 3, "change_message": ""}}, {"model": "admin.logentry", "pk": 135, "fields": {"action_time": "2023-08-26T21:58:04.811Z", "user": 1, "content_type": 21, "object_id": "25", "object_repr": "Reservation 25 - moro", "action_flag": 3, "change_message": ""}}, {"model": "admin.logentry", "pk": 136, "fields": {"action_time": "2023-08-26T21:58:04.812Z", "user": 1, "content_type": 21, "object_id": "24", "object_repr": "Reservation 24 - moro", "action_flag": 3, "change_message": ""}}, {"model": "admin.logentry", "pk": 137, "fields": {"action_time": "2023-08-26T21:58:04.813Z", "user": 1, "content_type": 21, "object_id": "23", "object_repr": "Reservation 23 - moro", "action_flag": 3, "change_message": ""}}, {"model": "admin.logentry", "pk": 138, "fields": {"action_time": "2023-08-27T15:25:53.180Z", "user": 1, "content_type": 19, "object_id": "48", "object_repr": "Review by moro - Rating: 2", "action_flag": 3, "change_message": ""}}, {"model": "admin.logentry", "pk": 139, "fields": {"action_time": "2023-08-27T15:25:53.184Z", "user": 1, "content_type": 19, "object_id": "47", "object_repr": "Review by moro - Rating: 4", "action_flag": 3, "change_message": ""}}, {"model": "auth.permission", "pk": 1, "fields": {"name": "Can add log entry", "content_type": 1, "codename": "add_logentry"}}, {"model": "auth.permission", "pk": 2, "fields": {"name": "Can change log entry", "content_type": 1, "codename": "change_logentry"}}, {"model": "auth.permission", "pk": 3, "fields": {"name": "Can delete log entry", "content_type": 1, "codename": "delete_logentry"}}, {"model": "auth.permission", "pk": 4, "fields": {"name": "Can view log entry", "content_type": 1, "codename": "view_logentry"}}, {"model": "auth.permission", "pk": 5, "fields": {"name": "Can add permission", "content_type": 2, "codename": "add_permission"}}, {"model": "auth.permission", "pk": 6, "fields": {"name": "Can change permission", "content_type": 2, "codename": "change_permission"}}, {"model": "auth.permission", "pk": 7, "fields": {"name": "Can delete permission", "content_type": 2, "codename": "delete_permission"}}, {"model": "auth.permission", "pk": 8, "fields": {"name": "Can view permission", "content_type": 2, "codename": "view_permission"}}, {"model": "auth.permission", "pk": 9, "fields": {"name": "Can add group", "content_type": 3, "codename": "add_group"}}, {"model": "auth.permission", "pk": 10, "fields": {"name": "Can change group", "content_type": 3, "codename": "change_group"}}, {"model": "auth.permission", "pk": 11, "fields": {"name": "Can delete group", "content_type": 3, "codename": "delete_group"}}, {"model": "auth.permission", "pk": 12, "fields": {"name": "Can view group", "content_type": 3, "codename": "view_group"}}, {"model": "auth.permission", "pk": 13, "fields": {"name": "Can add user", "content_type": 4, "codename": "add_user"}}, {"model": "auth.permission", "pk": 14, "fields": {"name": "Can change user", "content_type": 4, "codename": "change_user"}}, {"model": "auth.permission", "pk": 15, "fields": {"name": "Can delete user", "content_type": 4, "codename": "delete_user"}}, {"model": "auth.permission", "pk": 16, "fields": {"name": "Can view user", "content_type": 4, "codename": "view_user"}}, {"model": "auth.permission", "pk": 17, "fields": {"name": "Can add content type", "content_type": 5, "codename": "add_contenttype"}}, {"model": "auth.permission", "pk": 18, "fields": {"name": "Can change content type", "content_type": 5, "codename": "change_contenttype"}}, {"model": "auth.permission", "pk": 19, "fields": {"name": "Can delete content type", "content_type": 5, "codename": "delete_contenttype"}}, {"model": "auth.permission", "pk": 20, "fields": {"name": "Can view content type", "content_type": 5, "codename": "view_contenttype"}}, {"model": "auth.permission", "pk": 21, "fields": {"name": "Can add session", "content_type": 6, "codename": "add_session"}}, {"model": "auth.permission", "pk": 22, "fields": {"name": "Can change session", "content_type": 6, "codename": "change_session"}}, {"model": "auth.permission", "pk": 23, "fields": {"name": "Can delete session", "content_type": 6, "codename": "delete_session"}}, {"model": "auth.permission", "pk": 24, "fields": {"name": "Can view session", "content_type": 6, "codename": "view_session"}}, {"model": "auth.permission", "pk": 25, "fields": {"name": "Can add site", "content_type": 7, "codename": "add_site"}}, {"model": "auth.permission", "pk": 26, "fields": {"name": "Can change site", "content_type": 7, "codename": "change_site"}}, {"model": "auth.permission", "pk": 27, "fields": {"name": "Can delete site", "content_type": 7, "codename": "delete_site"}}, {"model": "auth.permission", "pk": 28, "fields": {"name": "Can view site", "content_type": 7, "codename": "view_site"}}, {"model": "auth.permission", "pk": 29, "fields": {"name": "Can add email address", "content_type": 8, "codename": "add_emailaddress"}}, {"model": "auth.permission", "pk": 30, "fields": {"name": "Can change email address", "content_type": 8, "codename": "change_emailaddress"}}, {"model": "auth.permission", "pk": 31, "fields": {"name": "Can delete email address", "content_type": 8, "codename": "delete_emailaddress"}}, {"model": "auth.permission", "pk": 32, "fields": {"name": "Can view email address", "content_type": 8, "codename": "view_emailaddress"}}, {"model": "auth.permission", "pk": 33, "fields": {"name": "Can add email confirmation", "content_type": 9, "codename": "add_emailconfirmation"}}, {"model": "auth.permission", "pk": 34, "fields": {"name": "Can change email confirmation", "content_type": 9, "codename": "change_emailconfirmation"}}, {"model": "auth.permission", "pk": 35, "fields": {"name": "Can delete email confirmation", "content_type": 9, "codename": "delete_emailconfirmation"}}, {"model": "auth.permission", "pk": 36, "fields": {"name": "Can view email confirmation", "content_type": 9, "codename": "view_emailconfirmation"}}, {"model": "auth.permission", "pk": 37, "fields": {"name": "Can add social account", "content_type": 10, "codename": "add_socialaccount"}}, {"model": "auth.permission", "pk": 38, "fields": {"name": "Can change social account", "content_type": 10, "codename": "change_socialaccount"}}, {"model": "auth.permission", "pk": 39, "fields": {"name": "Can delete social account", "content_type": 10, "codename": "delete_socialaccount"}}, {"model": "auth.permission", "pk": 40, "fields": {"name": "Can view social account", "content_type": 10, "codename": "view_socialaccount"}}, {"model": "auth.permission", "pk": 41, "fields": {"name": "Can add social application", "content_type": 11, "codename": "add_socialapp"}}, {"model": "auth.permission", "pk": 42, "fields": {"name": "Can change social application", "content_type": 11, "codename": "change_socialapp"}}, {"model": "auth.permission", "pk": 43, "fields": {"name": "Can delete social application", "content_type": 11, "codename": "delete_socialapp"}}, {"model": "auth.permission", "pk": 44, "fields": {"name": "Can view social application", "content_type": 11, "codename": "view_socialapp"}}, {"model": "auth.permission", "pk": 45, "fields": {"name": "Can add social application token", "content_type": 12, "codename": "add_socialtoken"}}, {"model": "auth.permission", "pk": 46, "fields": {"name": "Can change social application token", "content_type": 12, "codename": "change_socialtoken"}}, {"model": "auth.permission", "pk": 47, "fields": {"name": "Can delete social application token", "content_type": 12, "codename": "delete_socialtoken"}}, {"model": "auth.permission", "pk": 48, "fields": {"name": "Can view social application token", "content_type": 12, "codename": "view_socialtoken"}}, {"model": "auth.permission", "pk": 49, "fields": {"name": "Can add association", "content_type": 13, "codename": "add_association"}}, {"model": "auth.permission", "pk": 50, "fields": {"name": "Can change association", "content_type": 13, "codename": "change_association"}}, {"model": "auth.permission", "pk": 51, "fields": {"name": "Can delete association", "content_type": 13, "codename": "delete_association"}}, {"model": "auth.permission", "pk": 52, "fields": {"name": "Can view association", "content_type": 13, "codename": "view_association"}}, {"model": "auth.permission", "pk": 53, "fields": {"name": "Can add code", "content_type": 14, "codename": "add_code"}}, {"model": "auth.permission", "pk": 54, "fields": {"name": "Can change code", "content_type": 14, "codename": "change_code"}}, {"model": "auth.permission", "pk": 55, "fields": {"name": "Can delete code", "content_type": 14, "codename": "delete_code"}}, {"model": "auth.permission", "pk": 56, "fields": {"name": "Can view code", "content_type": 14, "codename": "view_code"}}, {"model": "auth.permission", "pk": 57, "fields": {"name": "Can add nonce", "content_type": 15, "codename": "add_nonce"}}, {"model": "auth.permission", "pk": 58, "fields": {"name": "Can change nonce", "content_type": 15, "codename": "change_nonce"}}, {"model": "auth.permission", "pk": 59, "fields": {"name": "Can delete nonce", "content_type": 15, "codename": "delete_nonce"}}, {"model": "auth.permission", "pk": 60, "fields": {"name": "Can view nonce", "content_type": 15, "codename": "view_nonce"}}, {"model": "auth.permission", "pk": 61, "fields": {"name": "Can add user social auth", "content_type": 16, "codename": "add_usersocialauth"}}, {"model": "auth.permission", "pk": 62, "fields": {"name": "Can change user social auth", "content_type": 16, "codename": "change_usersocialauth"}}, {"model": "auth.permission", "pk": 63, "fields": {"name": "Can delete user social auth", "content_type": 16, "codename": "delete_usersocialauth"}}, {"model": "auth.permission", "pk": 64, "fields": {"name": "Can view user social auth", "content_type": 16, "codename": "view_usersocialauth"}}, {"model": "auth.permission", "pk": 65, "fields": {"name": "Can add partial", "content_type": 17, "codename": "add_partial"}}, {"model": "auth.permission", "pk": 66, "fields": {"name": "Can change partial", "content_type": 17, "codename": "change_partial"}}, {"model": "auth.permission", "pk": 67, "fields": {"name": "Can delete partial", "content_type": 17, "codename": "delete_partial"}}, {"model": "auth.permission", "pk": 68, "fields": {"name": "Can view partial", "content_type": 17, "codename": "view_partial"}}, {"model": "auth.permission", "pk": 69, "fields": {"name": "Can add Suggested Dish", "content_type": 18, "codename": "add_suggesteddish"}}, {"model": "auth.permission", "pk": 70, "fields": {"name": "Can change Suggested Dish", "content_type": 18, "codename": "change_suggesteddish"}}, {"model": "auth.permission", "pk": 71, "fields": {"name": "Can delete Suggested Dish", "content_type": 18, "codename": "delete_suggesteddish"}}, {"model": "auth.permission", "pk": 72, "fields": {"name": "Can view Suggested Dish", "content_type": 18, "codename": "view_suggesteddish"}}, {"model": "auth.permission", "pk": 73, "fields": {"name": "Can add user review", "content_type": 19, "codename": "add_userreview"}}, {"model": "auth.permission", "pk": 74, "fields": {"name": "Can change user review", "content_type": 19, "codename": "change_userreview"}}, {"model": "auth.permission", "pk": 75, "fields": {"name": "Can delete user review", "content_type": 19, "codename": "delete_userreview"}}, {"model": "auth.permission", "pk": 76, "fields": {"name": "Can view user review", "content_type": 19, "codename": "view_userreview"}}, {"model": "auth.permission", "pk": 77, "fields": {"name": "Can add menu", "content_type": 20, "codename": "add_menu"}}, {"model": "auth.permission", "pk": 78, "fields": {"name": "Can change menu", "content_type": 20, "codename": "change_menu"}}, {"model": "auth.permission", "pk": 79, "fields": {"name": "Can delete menu", "content_type": 20, "codename": "delete_menu"}}, {"model": "auth.permission", "pk": 80, "fields": {"name": "Can view menu", "content_type": 20, "codename": "view_menu"}}, {"model": "auth.permission", "pk": 81, "fields": {"name": "Can add reservation", "content_type": 21, "codename": "add_reservation"}}, {"model": "auth.permission", "pk": 82, "fields": {"name": "Can change reservation", "content_type": 21, "codename": "change_reservation"}}, {"model": "auth.permission", "pk": 83, "fields": {"name": "Can delete reservation", "content_type": 21, "codename": "delete_reservation"}}, {"model": "auth.permission", "pk": 84, "fields": {"name": "Can view reservation", "content_type": 21, "codename": "view_reservation"}}, {"model": "auth.permission", "pk": 85, "fields": {"name": "Can add user", "content_type": 22, "codename": "add_customuser"}}, {"model": "auth.permission", "pk": 86, "fields": {"name": "Can change user", "content_type": 22, "codename": "change_customuser"}}, {"model": "auth.permission", "pk": 87, "fields": {"name": "Can delete user", "content_type": 22, "codename": "delete_customuser"}}, {"model": "auth.permission", "pk": 88, "fields": {"name": "Can view user", "content_type": 22, "codename": "view_customuser"}}, {"model": "auth.permission", "pk": 89, "fields": {"name": "Can add attachment", "content_type": 23, "codename": "add_attachment"}}, {"model": "auth.permission", "pk": 90, "fields": {"name": "Can change attachment", "content_type": 23, "codename": "change_attachment"}}, {"model": "auth.permission", "pk": 91, "fields": {"name": "Can delete attachment", "content_type": 23, "codename": "delete_attachment"}}, {"model": "auth.permission", "pk": 92, "fields": {"name": "Can view attachment", "content_type": 23, "codename": "view_attachment"}}, {"model": "auth.user", "pk": 1, "fields": {"password": "pbkdf2_sha256$600000$Gi1EgjV1YWFkQ8emcztDzC$q+J9Ty36OI/ZrRqogFfa2i70A760vo7kpSL4JVBUHDs=", "last_login": "2023-08-28T18:25:49.929Z", "is_superuser": true, "username": "moro", "first_name": "", "last_name": "", "email": "moro4rt@gmail.com", "is_staff": true, "is_active": true, "date_joined": "2023-07-27T20:13:29.168Z", "groups": [], "user_permissions": []}}, {"model": "auth.user", "pk": 18, "fields": {"password": "!WHrCpd1VzXc0ji1v3xEgxneMzB1NWXUjBF8cnl9i", "last_login": "2023-08-25T16:22:53.868Z", "is_superuser": false, "username": "Diegomoro415", "first_name": "Diego", "last_name": "Moro", "email": "", "is_staff": false, "is_active": true, "date_joined": "2023-08-12T14:23:06.866Z", "groups": [], "user_permissions": []}}, {"model": "auth.user", "pk": 20, "fields": {"password": "pbkdf2_sha256$600000$cCjSwZ0U15q9EUJiNnDO00$sp+m3Lijn0E71wSM3NQsAY9mEvQMkDDx1tADu7YaUfE=", "last_login": "2023-08-12T15:28:35.686Z", "is_superuser": false, "username": "dalen-moro@gmail.com", "first_name": "", "last_name": "", "email": "", "is_staff": false, "is_active": true, "date_joined": "2023-08-12T15:28:35.482Z", "groups": [], "user_permissions": []}}, {"model": "auth.user", "pk": 21, "fields": {"password": "!m6zfur4JbX9vX6YOScM7mAsbmc3kfXFiZt0ZYQYM", "last_login": "2023-08-25T16:53:53.137Z", "is_superuser": false, "username": "diego_moro415@hotmail.com", "first_name": "Diego", "last_name": "Moro", "email": "diego_moro415@hotmail.com", "is_staff": false, "is_active": true, "date_joined": "2023-08-24T21:40:57.552Z", "groups": [], "user_permissions": []}}, {"model": "contenttypes.contenttype", "pk": 1, "fields": {"app_label": "admin", "model": "logentry"}}, {"model": "contenttypes.contenttype", "pk": 2, "fields": {"app_label": "auth", "model": "permission"}}, {"model": "contenttypes.contenttype", "pk": 3, "fields": {"app_label": "auth", "model": "group"}}, {"model": "contenttypes.contenttype", "pk": 4, "fields": {"app_label": "auth", "model": "user"}}, {"model": "contenttypes.contenttype", "pk": 5, "fields": {"app_label": "contenttypes", "model": "contenttype"}}, {"model": "contenttypes.contenttype", "pk": 6, "fields": {"app_label": "sessions", "model": "session"}}, {"model": "contenttypes.contenttype", "pk": 7, "fields": {"app_label": "sites", "model": "site"}}, {"model": "contenttypes.contenttype", "pk": 8, "fields": {"app_label": "account", "model": "emailaddress"}}, {"model": "contenttypes.contenttype", "pk": 9, "fields": {"app_label": "account", "model": "emailconfirmation"}}, {"model": "contenttypes.contenttype", "pk": 10, "fields": {"app_label": "socialaccount", "model": "socialaccount"}}, {"model": "contenttypes.contenttype", "pk": 11, "fields": {"app_label": "socialaccount", "model": "socialapp"}}, {"model": "contenttypes.contenttype", "pk": 12, "fields": {"app_label": "socialaccount", "model": "socialtoken"}}, {"model": "contenttypes.contenttype", "pk": 13, "fields": {"app_label": "social_django", "model": "association"}}, {"model": "contenttypes.contenttype", "pk": 14, "fields": {"app_label": "social_django", "model": "code"}}, {"model": "contenttypes.contenttype", "pk": 15, "fields": {"app_label": "social_django", "model": "nonce"}}, {"model": "contenttypes.contenttype", "pk": 16, "fields": {"app_label": "social_django", "model": "usersocialauth"}}, {"model": "contenttypes.contenttype", "pk": 17, "fields": {"app_label": "social_django", "model": "partial"}}, {"model": "contenttypes.contenttype", "pk": 18, "fields": {"app_label": "home", "model": "suggesteddish"}}, {"model": "contenttypes.contenttype", "pk": 19, "fields": {"app_label": "home", "model": "userreview"}}, {"model": "contenttypes.contenttype", "pk": 20, "fields": {"app_label": "menu", "model": "menu"}}, {"model": "contenttypes.contenttype", "pk": 21, "fields": {"app_label": "reservation", "model": "reservation"}}, {"model": "contenttypes.contenttype", "pk": 22, "fields": {"app_label": "accounts", "model": "customuser"}}, {"model": "contenttypes.contenttype", "pk": 23, "fields": {"app_label": "django_summernote", "model": "attachment"}}, {"model": "sessions.session", "pk": "2eqfrj8zslf4qkugijuu83n88n9z5p41", "fields": {"session_data": ".eJxVjDsOwjAQBe_iGlm2119Kes5gbXZtHECJFCcV4u4QKQW0b2beS2Tc1pa3XpY8sjgLLU6_24D0KNMO-I7TbZY0T-syDnJX5EG7vM5cnpfD_Tto2Nu3DsTeMmoXgycHRIohsbJKJa9rMRAhVOsx2hStgkSl6piwgDGgKDrx_gDMCzbu:1qW0Bp:0oka371iClM-379lQXF8H6zDlADVdphV-nkARlVFzSk", "expire_date": "2023-08-29T19:58:53.491Z"}}, {"model": "sessions.session", "pk": "49eyduvzaic00xn7mcodunk3x42ttqt4", "fields": {"session_data": "eyJhY2NvdW50X3ZlcmlmaWVkX2VtYWlsIjpudWxsfQ:1qPhus:wG6eBxbInbf42WcCc6uSBzGRyxK72aHAvHxik3bJmgQ", "expire_date": "2023-08-12T11:15:22.602Z"}}, {"model": "sessions.session", "pk": "4wtdtwfhq8sgo0px6z0fo29ui8kmldz5", "fields": {"session_data": "e30:1qPiMa:rjdieVTHnFKSxrULUbseEpYt-wgKhnRCCmBuTUyMLA8", "expire_date": "2023-08-12T11:44:00.667Z"}}, {"model": "sessions.session", "pk": "4wx67in2au5g9dmziua1yuk33t94sicf", "fields": {"session_data": ".eJxVjDsOwjAQBe_iGlm2119Kes5gbXZtHECJFCcV4u4QKQW0b2beS2Tc1pa3XpY8sjgLLU6_24D0KNMO-I7TbZY0T-syDnJX5EG7vM5cnpfD_Tto2Nu3DsTeMmoXgycHRIohsbJKJa9rMRAhVOsx2hStgkSl6piwgDGgKDrx_gDMCzbu:1qT3jB:rp7D4xvtTqSA0-SGyIV0KHqz7igiQV3wFKB8ZTM_TaI", "expire_date": "2023-08-21T17:09:09.488Z"}}, {"model": "sessions.session", "pk": "6mfkbdk39d04df3m98bd89r24n3vwsru", "fields": {"session_data": "eyJhY2NvdW50X3ZlcmlmaWVkX2VtYWlsIjpudWxsfQ:1qPiNz:Nn30N8NSz0ViFI7W-1GgRTO6GcW3O8nudLh8HtiFTcw", "expire_date": "2023-08-12T11:45:27.758Z"}}, {"model": "sessions.session", "pk": "7u2hnakzmowzpu3rpu4j4vajpju4f787", "fields": {"session_data": ".eJxVjDsOwjAQBe_iGlm2119Kes5gbXZtHECJFCcV4u4QKQW0b2beS2Tc1pa3XpY8sjgLLU6_24D0KNMO-I7TbZY0T-syDnJX5EG7vM5cnpfD_Tto2Nu3DsTeMmoXgycHRIohsbJKJa9rMRAhVOsx2hStgkSl6piwgDGgKDrx_gDMCzbu:1qQYvY:yFHHFBW0mdI_p3OrdKTQ3JO1K4lg55yfuJ4WNxiqSi4", "expire_date": "2023-08-14T19:51:36.661Z"}}, {"model": "sessions.session", "pk": "9yuhl77hv3lgyc0n56dh08fvotzv0f22", "fields": {"session_data": ".eJxVjDsOwjAQBe_iGlm2119Kes5gbXZtHECJFCcV4u4QKQW0b2beS2Tc1pa3XpY8sjgLLU6_24D0KNMO-I7TbZY0T-syDnJX5EG7vM5cnpfD_Tto2Nu3DsTeMmoXgycHRIohsbJKJa9rMRAhVOsx2hStgkSl6piwgDGgKDrx_gDMCzbu:1qQ97H:YN2q-leQH1MyangKgyHaxG-j14cDyLDMw7nm1ifveGw", "expire_date": "2023-08-13T16:17:59.583Z"}}, {"model": "sessions.session", "pk": "c6v29xh0i2a9rm1ttvgnlv02k089lkgk", "fields": {"session_data": "e30:1qPiMr:2ZXYyxuhJc7-F53HN-RJKb49j3ailqO_PuC5GTO6J74", "expire_date": "2023-08-12T11:44:17.713Z"}}, {"model": "sessions.session", "pk": "eyeoi1qndn2ck6ug4f1l4zggmb7qh1vj", "fields": {"session_data": "e30:1qTSoY:tOzsKbdJ1rzER_8Nuu4xKNOi7qZimSO90BDLrvmwu1U", "expire_date": "2023-08-22T19:56:22.410Z"}}, {"model": "sessions.session", "pk": "h1fqbur06716e3ekqd94t1qsejw5443w", "fields": {"session_data": ".eJwVytFugjAYQOF3-a-5kGiceikojVSNG4LrsjS1rdANW9YCIsZ3l92d5HwPcIYrVjLOTaNr6mpWS1h8PaCyhkvnYAGlyZUGDxw31fBgSNbUBa2YZdd_AE8PCrH3W_wTHHOC4NuD6pdLyo2QtJVWXZS0AyQfszaMUIsak3ejqd2kt9G-xCd8Y33MtcsOsThgNZljrEwoJlG2JSvdnJyf_gUpVsIkou_6-_qdjhXR188ySd0SBVm3RPO1cNF962fn8_Gyi1RczHQi3_gmXIlgqndjEsbwfAEG-VIN:1qPWsi:cKXMRO9KkpuhWxp7dBACj5r_8EIrEHDuQYH6GixzOgI", "expire_date": "2023-08-11T23:28:24.307Z"}}, {"model": "sessions.session", "pk": "iu4i4qy71gp5je4rm3mdtiuuaexv2uxq", "fields": {"session_data": "e30:1qPiMk:skxo5m0k2Y0MpnKcmQlR-oC90hrgRqVJpIMQ1kajiuc", "expire_date": "2023-08-12T11:44:10.944Z"}}, {"model": "sessions.session", "pk": "ix9llshvlk3id3twirrv4143qesdayfc", "fields": {"session_data": "e30:1qTSmt:f4WK_B_ILPuyI2cU5JuCGYSFUw3k30Zjnw9wlRiJfts", "expire_date": "2023-08-22T19:54:39.238Z"}}, {"model": "sessions.session", "pk": "k0otmc2pnre7yrpmgw6eerclj5g2p9ew", "fields": {"session_data": ".eJxVjDsOwjAQBe_iGlm2119Kes5gbXZtHECJFCcV4u4QKQW0b2beS2Tc1pa3XpY8sjgLLU6_24D0KNMO-I7TbZY0T-syDnJX5EG7vM5cnpfD_Tto2Nu3DsTeMmoXgycHRIohsbJKJa9rMRAhVOsx2hStgkSl6piwgDGgKDrx_gDMCzbu:1qRdVL:F-eWmly_AcQSPNrLHg8IG7LqF8AMwWHdeRE1G2FHt90", "expire_date": "2023-08-17T18:56:59.645Z"}}, {"model": "sessions.session", "pk": "koaw8wafi19cgf2d4g3yqyi2kx53dikh", "fields": {"session_data": "e30:1qTSnq:pBIQ4pdQ1rh9JPwyah6P7SU4pQ_sCAPo-F9Ml7t66sM", "expire_date": "2023-08-22T19:55:38.934Z"}}, {"model": "sessions.session", "pk": "l4zu1tzftu9lqa4hvg7y1n7tie09cy6x", "fields": {"session_data": ".eJxVjDsOwjAQBe_iGlm2119Kes5gbXZtHECJFCcV4u4QKQW0b2beS2Tc1pa3XpY8sjgLLU6_24D0KNMO-I7TbZY0T-syDnJX5EG7vM5cnpfD_Tto2Nu3DsTeMmoXgycHRIohsbJKJa9rMRAhVOsx2hStgkSl6piwgDGgKDrx_gDMCzbu:1qZeKh:NlXDLfVD7wvEEq31zhB0peu54NAcGMvEz769OQ5AA84", "expire_date": "2023-09-08T21:27:07.468Z"}}, {"model": "sessions.session", "pk": "l6oonhzpmnvelf18wvw2geuwjr963blb", "fields": {"session_data": "eyJzb2NpYWxhY2NvdW50X3N0YXRlIjpbeyJwcm9jZXNzIjoibG9naW4iLCJzY29wZSI6IiIsImF1dGhfcGFyYW1zIjoiIn0sImhpRXhKeGQ1MDhFdyJdfQ:1qTSro:W2iUq_bde_wJevAXrDzojeCQILzdr1Bzz8JIYw9mqBE", "expire_date": "2023-08-22T19:59:44.511Z"}}, {"model": "sessions.session", "pk": "mp49gjddqdw5r7wkhy41vbgzwn1z8uui", "fields": {"session_data": ".eJxVjDsOwjAQBe_iGlm2119Kes5gbXZtHECJFCcV4u4QKQW0b2beS2Tc1pa3XpY8sjgLLU6_24D0KNMO-I7TbZY0T-syDnJX5EG7vM5cnpfD_Tto2Nu3DsTeMmoXgycHRIohsbJKJa9rMRAhVOsx2hStgkSl6piwgDGgKDrx_gDMCzbu:1qSGaK:f9IkQRSBMKdyYapkGmIhFoHj61ZYCFN6ug-3R-n7tks", "expire_date": "2023-08-19T12:40:44.444Z"}}, {"model": "sessions.session", "pk": "ssxvpdvf9lrphc1h3ulpljkjzady4luc", "fields": {"session_data": ".eJxVjDsOwjAQBe_iGlm2119Kes5gbXZtHECJFCcV4u4QKQW0b2beS2Tc1pa3XpY8sjgLLU6_24D0KNMO-I7TbZY0T-syDnJX5EG7vM5cnpfD_Tto2Nu3DsTeMmoXgycHRIohsbJKJa9rMRAhVOsx2hStgkSl6piwgDGgKDrx_gDMCzbu:1qQu0l:1m0MFVKAAp3Dm8KbZt20zYTBF9_nGKZUKlYR0x1USWg", "expire_date": "2023-08-15T18:22:23.253Z"}}, {"model": "sessions.session", "pk": "th8waxdk8ov631hwmegkydukl4htxjsa", "fields": {"session_data": ".eJxVjDsOwjAQBe_iGlm2119Kes5gbXZtHECJFCcV4u4QKQW0b2beS2Tc1pa3XpY8sjgLLU6_24D0KNMO-I7TbZY0T-syDnJX5EG7vM5cnpfD_Tto2Nu3DsTeMmoXgycHRIohsbJKJa9rMRAhVOsx2hStgkSl6piwgDGgKDrx_gDMCzbu:1qQBRp:8TQo7AtaDyDV0XKec1fNoue2aHQ44ZZboxmEpE15pb8", "expire_date": "2023-08-13T18:47:21.307Z"}}, {"model": "sessions.session", "pk": "xiwxc96y6ywt85zoewe6pj4dodn68fo9", "fields": {"session_data": ".eJytVG2TojgQ_it3fB4cCATFqqs6PMeXGdlxddQdr66oAAGyCyQmQQe3_O8XRPfGra35dFV-sLvTz9PdTzffNUEjgnIURbQqZdBaOU1JqfW_axd385fEWr-s8vxOqwTmwX8m43RPYsy1vpZSmuZYU0-asGaa0LV7btcyoQ1twzBMy7BUNEdCBheOFiNGEgdfKSnxD1j8JjkKVACd2YVQgJmUTPTv7y9liU5L2IlooWDRkak3rmsYDrR6ZlcnRVwBgL5a2AgNEUeVsQeliSjNBHRp6XQQY1eMpqmIlhKX8gpXxf8nnKjCD0aCC0RyFS8opzaXf6aNfck8x4I95iQhzXwkr7AqTwYZEpnKIVVIBvpuBL2Q7l_BbGRjnHgqsUQFVvEhwSn9zVfIysdIJCuO3w0zz6xfF32P7j0vmrzIaAlS-GR57thG69Ukr82HOWdCj-yRBWCMghdSJzs_6Po77w_hOnqkiFKyx2XwvgTlTFBB8vrqvZSU0wjljc2kPlgoB0Fq40zHBa6p8LvNLrCrw-nB7unULuHtWjIkxIHyRrTfpzUrZ8PB1H_w5tnR3CbbYxiPSzyqYD3azqarjV8dlzv-y2UkIhAVw7ylSFAucMt3Kbvpg3CV9VNzZ6Tb1j6StaGRKEl-UCgHiqQa21Xim6vQgAEs3ejpwH4BZt82-rDbgRBsNTUNBSRxMw51jBE-30rbkgpFlF2qRpXMAoY4KpoHTV67WiiOuUrCyvv3B4f-UTM_byfjpEC8bs3TP3eapN9weSuYOpczunl3_c68I7u812oE3A4yvGQQhPXw83J2yLPYjF3oD7iAX8J5cZjk7AntzQWsgIm7j6AYcPWL_PFx4UMLW0Afh98C1nNmeajXz1iMp4sEPGZwMd2sV2l3DhmohXB0o7Srw4Tw5x2uraz39uXhrTYm1LDhMxiExaeDNV89rcev7ujwuDkeNslgvC99_KmGThWT9cpDf6WvT15Cl97iYTn6PBH711w8jz05FPiRFttiI4axhPO3dWqY3ebuz20GAkccy1YktetEqRE0N3CjOThr7ijNTaX56fQvgKjfag:1qZI4X:cEhHooTCrJocQf8GIuL-w49_YOkLT1AZSTRkwyroC90", "expire_date": "2023-09-07T21:40:57.560Z"}}, {"model": "sessions.session", "pk": "y948pu8onkmxn1n5wpqom3lu4xxeduwa", "fields": {"session_data": ".eJxVjDsOwjAQBe_iGlm2119Kes5gbXZtHECJFCcV4u4QKQW0b2beS2Tc1pa3XpY8sjgLLU6_24D0KNMO-I7TbZY0T-syDnJX5EG7vM5cnpfD_Tto2Nu3DsTeMmoXgycHRIohsbJKJa9rMRAhVOsx2hStgkSl6piwgDGgKDrx_gDMCzbu:1qWint:-0lgLUvxkmR_o_WVD1YxcVeHvEpibNLnco2ZFuUf81M", "expire_date": "2023-08-31T19:37:09.239Z"}}, {"model": "sessions.session", "pk": "ylu4jnvb542qo4d2aen2en3cqv7h3qev", "fields": {"session_data": "e30:1qTSqL:Di-EoPTG3LXD70VUFUMJ8c0fLLt9Ud-WUvn_obObh38", "expire_date": "2023-08-22T19:58:13.146Z"}}, {"model": "sessions.session", "pk": "z39o8rael3k1uxrc7o9hbdxqw3mwizom", "fields": {"session_data": ".eJxVjDsOwjAQBe_iGlm2119Kes5gbXZtHECJFCcV4u4QKQW0b2beS2Tc1pa3XpY8sjgLLU6_24D0KNMO-I7TbZY0T-syDnJX5EG7vM5cnpfD_Tto2Nu3DsTeMmoXgycHRIohsbJKJa9rMRAhVOsx2hStgkSl6piwgDGgKDrx_gDMCzbu:1qagvt:bZR8WwwQXwsc9brLR6e-5K3s4sFZELrLiHefNyBohYs", "expire_date": "2023-09-11T18:25:49.930Z"}}, {"model": "sessions.session", "pk": "zab7rvt5rz7lt8rzdt8x2dlwfim2ljn6", "fields": {"session_data": ".eJxVjDsOwjAQBe_iGlm2119Kes5gbXZtHECJFCcV4u4QKQW0b2beS2Tc1pa3XpY8sjgLLU6_24D0KNMO-I7TbZY0T-syDnJX5EG7vM5cnpfD_Tto2Nu3DsTeMmoXgycHRIohsbJKJa9rMRAhVOsx2hStgkSl6piwgDGgKDrx_gDMCzbu:1qT65C:nVY6UF6vXq1DVQGh6JQUXBCnt5rm0nQFtsOSAkvveWM", "expire_date": "2023-08-21T19:40:02.612Z"}}, {"model": "sites.site", "pk": 1, "fields": {"domain": "localhost:8000", "name": "localhost"}}, {"model": "sites.site", "pk": 2, "fields": {"domain": "127.0.0.1/:8000", "name": "127.0.0.1/"}}, {"model": "sites.site", "pk": 3, "fields": {"domain": "ut-restaurant-d71a0939b77c.herokuapp.com", "name": "ut-restaurant-d71a0939b77c.herokuapp.com"}}, {"model": "account.emailaddress", "pk": 5, "fields": {"user": 1, "email": "moro4rt@gmail.com", "verified": false, "primary": false}}, {"model": "account.emailaddress", "pk": 7, "fields": {"user": 21, "email": "diego_moro415@hotmail.com", "verified": false, "primary": true}}, {"model": "socialaccount.socialapp", "pk": 1, "fields": {"provider": "google", "name": "Google Login", "client_id": "9900653817-imdu22aj3e0b0sdcu0v2n1aoohs59on6.apps.googleusercontent.com", "secret": "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", "key": "", "sites": [2, 1, 3]}}, {"model": "socialaccount.socialapp", "pk": 2, "fields": {"provider": "facebook", "name": "Facebook Login", "client_id": "663457115705149", "secret": "fe95a78a78cfd24d000e737fbb4a3bfe", "key": "", "sites": [2, 1, 3]}}, {"model": "socialaccount.socialapp", "pk": 3, "fields": {"provider": "github", "name": "GitHub Login", "client_id": "aa40f878186ff0b7077a", "secret": "b1ec35f2e7a7acdc7de457c53a9c3c690691e527", "key": "", "sites": [2, 1, 3]}}, {"model": "socialaccount.socialaccount", "pk": 7, "fields": {"user": 18, "provider": "github", "uid": "112869758", "last_login": "2023-08-25T16:22:53.855Z", "date_joined": "2023-08-12T14:23:06.878Z", "extra_data": "{\"login\": \"Diegomoro415\", \"id\": 112869758, \"node_id\": \"U_kgDOBrpBfg\", \"avatar_url\": \"https://avatars.githubusercontent.com/u/112869758?v=4\", \"gravatar_id\": \"\", \"url\": \"https://api.github.com/users/Diegomoro415\", \"html_url\": \"https://github.com/Diegomoro415\", \"followers_url\": \"https://api.github.com/users/Diegomoro415/followers\", \"following_url\": \"https://api.github.com/users/Diegomoro415/following{/other_user}\", \"gists_url\": \"https://api.github.com/users/Diegomoro415/gists{/gist_id}\", \"starred_url\": \"https://api.github.com/users/Diegomoro415/starred{/owner}{/repo}\", \"subscriptions_url\": \"https://api.github.com/users/Diegomoro415/subscriptions\", \"organizations_url\": \"https://api.github.com/users/Diegomoro415/orgs\", \"repos_url\": \"https://api.github.com/users/Diegomoro415/repos\", \"events_url\": \"https://api.github.com/users/Diegomoro415/events{/privacy}\", \"received_events_url\": \"https://api.github.com/users/Diegomoro415/received_events\", \"type\": \"User\", \"site_admin\": false, \"name\": \"Diego Moro\", \"company\": null, \"blog\": \"\", \"location\": null, \"email\": null, \"hireable\": null, \"bio\": null, \"twitter_username\": null, \"public_repos\": 13, \"public_gists\": 0, \"followers\": 0, \"following\": 0, \"created_at\": \"2022-09-05T11:37:57Z\", \"updated_at\": \"2023-07-26T18:26:33Z\"}"}}, {"model": "socialaccount.socialaccount", "pk": 9, "fields": {"user": 21, "provider": "google", "uid": "115948973154540001303", "last_login": "2023-08-25T16:53:53.128Z", "date_joined": "2023-08-24T21:41:27.604Z", "extra_data": "{\"iss\": \"https://accounts.google.com\", \"azp\": \"9900653817-imdu22aj3e0b0sdcu0v2n1aoohs59on6.apps.googleusercontent.com\", \"aud\": \"9900653817-imdu22aj3e0b0sdcu0v2n1aoohs59on6.apps.googleusercontent.com\", \"sub\": \"115948973154540001303\", \"email\": \"moro4rt@gmail.com\", \"email_verified\": true, \"at_hash\": \"5pZ1dLYK6tEtPBe7FbMcJA\", \"name\": \"Diego Moro\", \"picture\": \"https://lh3.googleusercontent.com/a/AAcHTtcS2g5K3A9G4aVUHly1EPrps-c4F325da_TiyfqM_7MqA=s96-c\", \"given_name\": \"Diego\", \"family_name\": \"Moro\", \"locale\": \"pt-BR\", \"iat\": 1692982433, \"exp\": 1692986033}"}}, {"model": "menu.menu", "pk": 2, "fields": {"category": "Nigiris", "name": "Nigiri Salmon", "description": "4 pcs of Salmon Nigiri with Truffle Oil, Lemon Zest, Salt, and Lemon.", "price": "10.00", "image": "media/menu/menu_img1_tvv6xt", "slug": "nigiri-salmon"}}, {"model": "menu.menu", "pk": 3, "fields": {"category": "Nigiris", "name": "Nigiri Avocado Furikake", "description": "4 pcs. of Flambed Avocado Nigiri, served with Onion Chalaquita (Onion, Lime Juice, Cilantro, Limo Chili, and Sesame Oil). Topped with Wasabi Sauce and garnished with Furikake and Chives.", "price": "10.00", "image": "media/menu/menu_img2_svfw79", "slug": "nigiri-avocado-furikake"}}, {"model": "menu.menu", "pk": 4, "fields": {"category": "Nigiris", "name": "Nigiri Lomo", "description": "Lomo Nigiri. Topped with Chimichurri Sauce.", "price": "11.50", "image": "media/menu/menu_img3_qogtaf", "slug": "nigiri-lomo"}}, {"model": "menu.menu", "pk": 5, "fields": {"category": "Nigiris", "name": "Nigiri Tako Pachikai", "description": "4 pcs. of Octopus Nigiri. Topped with Wasabi Sauce and garnished with Pachicai and Chives.", "price": "10.00", "image": "media/menu/menu_img4_kt52zr", "slug": "nigiri-tako-pachikai"}}, {"model": "menu.menu", "pk": 6, "fields": {"category": "Nigiris", "name": "Nigiri Tiradito", "description": "4 pcs. of White Fish Nigiri. Topped with Yellow Chili Sauce and Nikkei Pebre.", "price": "11.50", "image": "media/menu/menu_img6_exiwk4", "slug": "nigiri-tiradito"}}, {"model": "menu.menu", "pk": 7, "fields": {"category": "Nigiris", "name": "Nigiri Tuna", "description": "4 pcs. of Tuna Nigiri. Topped with Acevichada Sauce and a touch of Shichimi.", "price": "11.50", "image": "media/menu/menu_img5_xf65cm", "slug": "nigiri-tuna"}}, {"model": "menu.menu", "pk": 8, "fields": {"category": "Gunkan", "name": "Gunkan Umi", "description": "3 pcs. of Chopped Oyster Gunkan mixed with Salt, Lemon, Togarashi, Chives, Masago, and Acevichada Sauce. Garnished with Chives and Furikake.", "price": "12.00", "image": "media/menu/menu_img7_lsso9d", "slug": "gukan-umi"}}, {"model": "menu.menu", "pk": 9, "fields": {"category": "Gunkan", "name": "Gunkan Kokai", "description": "3 units of Salmon Tartar Gunkan mixed with Passion Fruit Sauce and Chives. Decorated with crispy Phyllo pastry threads and Sesame Seeds.", "price": "12.00", "image": "media/menu/menu_img8_he55rj", "slug": "gunkan-kokai"}}, {"model": "menu.menu", "pk": 10, "fields": {"category": "Gunkan", "name": "Gunkan Rokoto", "description": "3 pcs. of Salmon Tartar Gunkan mixed with Passion Fruit Sauce and Chives. Decorated with crispy Phyllo pastry threads and Sesame Seeds.", "price": "11.50", "image": "media/menu/menu_img9_curwe5", "slug": "gunkan-rokoto"}}, {"model": "menu.menu", "pk": 11, "fields": {"category": "Gunkan", "name": "Gunkan Karakuchi", "description": "3 pcs. of Salmon Gunkan, Rice, Shrimp Tartar (Spicy Mayo and Masago), Lemon, and Parmesan Cheese. Flambed.", "price": "12.50", "image": "media/menu/menu_img10_pzapus", "slug": "gunkan-karakuchi"}}, {"model": "menu.menu", "pk": 12, "fields": {"category": "Gunkan", "name": "Gunkan Huacatay", "description": "3 pcs. of Chopped Octopus Gunkan mixed with Salt, Lemon, Chives, Masago, and Huacatay Acevichada.", "price": "12.00", "image": "media/menu/menu_img11_sfrydp", "slug": "gunkan-huacatay"}}, {"model": "menu.menu", "pk": 13, "fields": {"category": "Gohan", "name": "Gohan Kento", "description": "Salmon, Shrimp, Octopus, Cream Cheese, Avocado, Sesame Seeds, Chives.", "price": "12.00", "image": "media/menu/gohan_img1_qu0fmd", "slug": "gohan-kento"}}, {"model": "menu.menu", "pk": 14, "fields": {"category": "Gohan", "name": "Gohan Classic", "description": "Salmon, Avocado, Sesame Seeds, Chives, Cream Cheese.", "price": "12.00", "image": "media/menu/gohan_img2_blyw78", "slug": "gohan-classic"}}, {"model": "menu.menu", "pk": 15, "fields": {"category": "Gohan", "name": "gohan cheese tempura", "description": "Tempura Shrimp, Avocado, Sesame Seeds, Chives, Cream Cheese.", "price": "11.00", "image": "media/menu/gohan_img3_imc0ge", "slug": "gohan-cheese-tempura"}}, {"model": "menu.menu", "pk": 16, "fields": {"category": "Gohan", "name": "Gohan special", "description": "Salmon, Shrimp, Avocado, Sesame Seeds, Chives, Cream Cheese.", "price": "11.50", "image": "media/menu/gohan_img4_ibbxnl", "slug": "gohan-special"}}, {"model": "menu.menu", "pk": 17, "fields": {"category": "Gohan", "name": "Gohan pollo", "description": "Breaded Chicken in Panko, Avocado, Sesame Seeds, Chives, Cream Cheese.", "price": "12.00", "image": "media/menu/gohan_img5_gsusx0", "slug": "gohan-pollo"}}, {"model": "menu.menu", "pk": 18, "fields": {"category": "Gohan", "name": "Menu kento", "description": "Grilled Salmon, Avocado, Lettuce.", "price": "12.00", "image": "media/menu/gohan_img6_go5nyt", "slug": "menu-kento"}}, {"model": "menu.menu", "pk": 19, "fields": {"category": "Nikkei", "name": "Acevichado Kento", "description": "Tempura Shrimp, Avocado, Wrapped in Tuna, Covered with Acevichada Sauce.", "price": "12.50", "image": "media/menu/nikkei_img1_vn3dbl", "slug": "acevichado-kento"}}, {"model": "menu.menu", "pk": 20, "fields": {"category": "Nikkei", "name": "Acevichado Maguro", "description": "Shrimp, Cream Cheese, Wrapped in Avocado, Covered with Breaded Tuna Pieces and Acevichada Sauce.", "price": "12.00", "image": "media/menu/nikkei_img2_afdynx", "slug": "acevichado-maguro"}}, {"model": "menu.menu", "pk": 21, "fields": {"category": "Nikkei", "name": "Special avocado", "description": "Tempura Shrimp, Cream Cheese, Chives, Wrapped in Avocado, Covered with Salmon and Shrimp Tartare and Acevichada Sauce.", "price": "12.00", "image": "media/menu/nikkei_img3_ikgqll", "slug": "special-avocado"}}, {"model": "menu.menu", "pk": 22, "fields": {"category": "Nikkei", "name": "California Tempura", "description": "Salmon, Cream Cheese, Chives, Wrapped in Tempura Sesame, Covered with a Topping of Salmon, Shrimp, Tuna, and a touch of Sesame.", "price": "12.00", "image": "media/menu/nikkei_img4_efxolj", "slug": "california-tempura"}}, {"model": "menu.menu", "pk": 23, "fields": {"category": "Nikkei", "name": "Ceviche Roll", "description": "Tempura Shrimp, Avocado, Covered with Salmon Ceviche.", "price": "12.00", "image": "media/menu/nikkei_img5_gepr43", "slug": "ceviche-roll"}}, {"model": "menu.menu", "pk": 24, "fields": {"category": "Nikkei", "name": "Rainbow Roll", "description": "Tempura Shrimp, Avocado, Cream Cheese, Wrapped in Mixed Seaweed.", "price": "12.00", "image": "media/menu/nikkei_img6_e8e8wj", "slug": "rainbow-roll"}}, {"model": "menu.menu", "pk": 25, "fields": {"category": "Veggie", "name": "Avocado Vegan", "description": "Lettuce, Mushroom, Vegan Cheese or Cream Cheese. Wrapped in Avocado.", "price": "10.00", "image": "media/menu/vegan_img1_u9xruy", "slug": "avocado-vegan"}}, {"model": "menu.menu", "pk": 26, "fields": {"category": "Veggie", "name": "Beet Oriental", "description": "Mushroom, Avocado, Tofu, Sweet Potato. Wrapped in Beetroot, Covered with Sweet Potato Strings and Teriyaki Sauce. No Rice.", "price": "10.00", "image": "media/menu/vegan_img2_xqtsf0", "slug": "beet-oriental"}}, {"model": "menu.menu", "pk": 27, "fields": {"category": "Veggie", "name": "Ceviche Vegan", "description": "Mango, Green Apple, Asparagus, Avocado, Mushroom, Lettuce, Bell Pepper, Red Onion, Plantain Chips, and Vegan \"Leche de Tigre\" (a type of citrus-based marinade or sauce).", "price": "10.00", "image": "media/menu/vegan_img3_kh3yvw", "slug": "ceviche-vegan"}}, {"model": "menu.menu", "pk": 28, "fields": {"category": "Veggie", "name": "Crispy Vegan", "description": "Avocado, Breaded Carrot, Crispy Potatoes. Wrapped in Sesame Seeds.", "price": "10.00", "image": "media/menu/vegan_img4_o22kel", "slug": "crispy-vegan"}}, {"model": "menu.menu", "pk": 29, "fields": {"category": "Veggie", "name": "Gohan Vegan", "description": "Heart of Palm, Mushroom, Tofu, Avocado, Chives, Sesame Seeds. Choice of Rice or Lettuce Base.", "price": "10.00", "image": "media/menu/vegan_img5_hzhrzv", "slug": "gohan-vegan"}}, {"model": "menu.menu", "pk": 30, "fields": {"category": "Veggie", "name": "Oriental Acevichado", "description": "Sweet Potato, Avocado, Tofu, Mushroom, Heart of Palm. Wrapped in Avocado, Covered with Vegan Ceviche. No Rice.", "price": "10.00", "image": "media/menu/vegan_img6_boqnvb", "slug": "oriental-acevichado"}}]